N_target,total_frames_used,n_need_fill,n_equal,n_need_down,pct_need_fill,pct_equal,pct_need_down,avg_deficit,p95_deficit,avg_excess,p95_excess
42,623,277,8,338,44.46227929373997,1.2841091492776886,54.25361155698234,22.490974729241877,37.0,32.70710059171598,86.29999999999995
46,623,304,8,311,48.796147672552166,1.2841091492776886,49.919743178170144,24.36513157894737,41.0,31.318327974276528,84.5
50,623,330,8,285,52.96950240770465,1.2841091492776886,45.74638844301766,26.318181818181817,45.0,29.91578947368421,88.2000000000001
66,623,436,10,177,69.98394863563404,1.6051364365971108,28.41091492776886,34.12155963302752,61.0,26.836158192090394,80.19999999999999
70,623,464,6,153,74.47833065810593,0.9630818619582665,24.558587479935795,35.97629310344828,65.0,26.627450980392158,77.0
74,623,492,6,125,78.97271268057784,0.9630818619582665,20.064205457463885,37.84756097560975,69.0,28.08,73.0
91,623,549,5,69,88.12199036918138,0.8025682182985554,11.075441412520064,50.09289617486339,85.60000000000002,26.07246376811594,57.0
95,623,559,2,62,89.7271268057785,0.32102728731942215,9.951845906902086,53.17173524150268,89.10000000000002,24.661290322580644,53.0
99,623,567,0,56,91.01123595505618,0.0,8.98876404494382,56.39506172839506,93.0,23.035714285714285,49.0
